Response,Count
Ride Wit Me ~ Nelly,1
a day in the life - beatles,1
Garden (Say it like that),1
you don’t know my name - alicia keys,1
https://www.youtube.com/watch?v=SIuF37EWaLU&pp=ygUSdmF1bmR5IHRva3lvIGZsYXNo,1
Nostalgia,1
Free Now - Gracie Abrams,1
american wedding,1
"H.H. by Kanye West. Naw jk, the Less I know the better by Tame Impala",1
You already have - Kwon Jinah,1
let me put u on bollywood,1
Baptized in fear,1
Pink Matter,1
Eta,1
First We Take Manhattan - Leonard Cohen,1
Wash. - Bon Iver,1
Cologne by beebadoobee,1
Nokia,1
That’s so true by Gracie abrams,1
So Good - Weston Estate,1
I Wonder - Kanye West,1
Pray for me - kendrick and weeknd,1
